INSERT INTO agriculture.tbl_user (id, nickname, username, password, enabled, create_by, create_time, update_by, update_time) VALUES ('7fe5897436c001df9edfcfd3e3d869ac', 'Master', 'master', '$2a$10$bPlEOFup47b7SuNQLOi1weimiB7sCyivL.1/3ZwY8w1sIEioi4DgG', 1, 'admin', '2020-09-09 07:27:10', '7fe5897436c001df9edfcfd3e3d869ac', '2020-09-09 17:33:19');
INSERT INTO agriculture.tbl_user (id, nickname, username, password, enabled, create_by, create_time, update_by, update_time) VALUES ('c96b28ee6af0e14b988bcaa78f01e3d5', 'User2', 'user2', '$2a$10$A4PLVYnArecGRC0juFROQO2BZ2mTh16e1XDD8zNoC7W9HgpcXrV7e', 1, 'admin', '2020-09-09 17:31:55', null, null);
INSERT INTO agriculture.tbl_user (id, nickname, username, password, enabled, create_by, create_time, update_by, update_time) VALUES ('f3e83004ebccbbddc3598ce75c72bbfa', 'User1', 'user1', '$2a$10$E8HmJgfMSOhRE.BNhUyAd.KoH7xtbFUPINQvHknzR4peBXsznbnT6', 1, 'admin', '2020-09-09 17:31:41', null, null);

INSERT INTO agriculture.tbl_menu (id, name, code, url, pid, level_code, remark, disabled, create_by, create_time, update_by, update_time) VALUES ('0aaab910cde409ca44073704672ab041', '角色管理', 'MENU_ROLE', '/role', 'a10a60d2a8e7fd120970efa28bc6883b', '0000000100000003', null, 0, 'admin', '2020-08-28 13:09:11', null, null);
INSERT INTO agriculture.tbl_menu (id, name, code, url, pid, level_code, remark, disabled, create_by, create_time, update_by, update_time) VALUES ('0d3328a294bf8610d9beec271f179f1b', '字典管理', 'MENU_DICT', '/dict', 'a10a60d2a8e7fd120970efa28bc6883b', '0000000100000005', '', 0, 'admin', '2020-09-09 10:57:59', null, null);
INSERT INTO agriculture.tbl_menu (id, name, code, url, pid, level_code, remark, disabled, create_by, create_time, update_by, update_time) VALUES ('1b54507585eeca8f746aa1ec26c29d5c', '菜单管理', 'MENU_MENU', '/menu', 'a10a60d2a8e7fd120970efa28bc6883b', '0000000100000002', null, 0, 'admin', '2020-08-28 13:08:09', null, null);
INSERT INTO agriculture.tbl_menu (id, name, code, url, pid, level_code, remark, disabled, create_by, create_time, update_by, update_time) VALUES ('32a75e047aede81dafe59754f199c682', '项目统计', 'MENU_PROJECT_STAT', '/project/dashboard', null, '00000004', '', 0, 'admin', '2020-09-10 07:23:57', null, null);
INSERT INTO agriculture.tbl_menu (id, name, code, url, pid, level_code, remark, disabled, create_by, create_time, update_by, update_time) VALUES ('4ed665e0d20048daf56c60e62262a899', '项目查询', 'MENU_PROJECT_LIST', '/project/list', null, '00000003', '', 0, 'admin', '2020-09-09 07:33:17', 'admin', '2020-09-09 10:53:54');
INSERT INTO agriculture.tbl_menu (id, name, code, url, pid, level_code, remark, disabled, create_by, create_time, update_by, update_time) VALUES ('7a6379a486a5245b877d68b830b77c2d', '用户授权', 'MENU_GRANT', '/grant', 'a10a60d2a8e7fd120970efa28bc6883b', '0000000100000004', '', 0, 'admin', '2020-09-09 09:12:29', 'admin', '2020-09-09 09:14:24');
INSERT INTO agriculture.tbl_menu (id, name, code, url, pid, level_code, remark, disabled, create_by, create_time, update_by, update_time) VALUES ('a10a60d2a8e7fd120970efa28bc6883b', '系统管理', 'MENU_SETTING', '', null, '00000001', null, 0, 'admin', '2020-08-28 13:07:51', 'admin', '2020-09-09 09:25:30');
INSERT INTO agriculture.tbl_menu (id, name, code, url, pid, level_code, remark, disabled, create_by, create_time, update_by, update_time) VALUES ('a2ebef150e63efc88b6bf2f45af0d4aa', '用户管理', 'MENU_USER', '/user', 'a10a60d2a8e7fd120970efa28bc6883b', '0000000100000001', null, 0, 'admin', '2020-08-28 13:08:54', null, null);
INSERT INTO agriculture.tbl_menu (id, name, code, url, pid, level_code, remark, disabled, create_by, create_time, update_by, update_time) VALUES ('fc665bd3130910620f20e7289c84ed2d', '添加项目', 'MENU_PROJECT_ADD', '/project/edit', null, '00000002', '', 0, 'admin', '2020-09-09 07:33:51', 'admin', '2020-09-09 16:06:07');

INSERT INTO agriculture.tbl_role (id, name, code, remark, create_by, create_time, update_by, update_time) VALUES ('58ddea5881aa61470c3eef3b67922541', '普通用户', 'GENERAL', '', 'admin', '2020-08-28 15:06:04', 'admin', '2020-09-09 08:05:20');
INSERT INTO agriculture.tbl_role (id, name, code, remark, create_by, create_time, update_by, update_time) VALUES ('82609fd30de07df89c9c587327d9d50a', '项目管理员', 'PROJECT_ADMIN', '', 'admin', '2020-09-09 17:30:37', 'admin', '2020-09-09 17:30:56');
INSERT INTO agriculture.tbl_role (id, name, code, remark, create_by, create_time, update_by, update_time) VALUES ('f99c160529467ebcbbdf9853ed000515', '管理员', 'ADMIN', '', 'admin', '2020-08-28 14:43:33', null, null);

INSERT INTO agriculture.tbl_user_role (id, uid, rid) VALUES ('27c166ee7d94b014b3745387e67c93f9', 'f3e83004ebccbbddc3598ce75c72bbfa', '82609fd30de07df89c9c587327d9d50a');
INSERT INTO agriculture.tbl_user_role (id, uid, rid) VALUES ('3ff5d0f6121c40ffcbcc854329bd4f3b', 'c96b28ee6af0e14b988bcaa78f01e3d5', '58ddea5881aa61470c3eef3b67922541');
INSERT INTO agriculture.tbl_user_role (id, uid, rid) VALUES ('48ce5db0e6d84e73c021a579f783e550', '7fe5897436c001df9edfcfd3e3d869ac', 'f99c160529467ebcbbdf9853ed000515');

INSERT INTO agriculture.tbl_role_menu (id, rid, mid) VALUES ('061b68ba31f6a759205c305d1b57a7e3', 'f99c160529467ebcbbdf9853ed000515', '1b54507585eeca8f746aa1ec26c29d5c');
INSERT INTO agriculture.tbl_role_menu (id, rid, mid) VALUES ('09ecc67afba68ffe64df6a5f8e46df5c', 'f99c160529467ebcbbdf9853ed000515', 'fc665bd3130910620f20e7289c84ed2d');
INSERT INTO agriculture.tbl_role_menu (id, rid, mid) VALUES ('1cddc98420dde9cb7d21d62b512c4022', '82609fd30de07df89c9c587327d9d50a', 'fc665bd3130910620f20e7289c84ed2d');
INSERT INTO agriculture.tbl_role_menu (id, rid, mid) VALUES ('4c740b47cf9dd232b11d232061092256', 'f99c160529467ebcbbdf9853ed000515', '0aaab910cde409ca44073704672ab041');
INSERT INTO agriculture.tbl_role_menu (id, rid, mid) VALUES ('775c6f7568baabf74a0135f342784624', 'f99c160529467ebcbbdf9853ed000515', 'a10a60d2a8e7fd120970efa28bc6883b');
INSERT INTO agriculture.tbl_role_menu (id, rid, mid) VALUES ('805913dfb19ca4050be4e974a1fd7a4c', 'f99c160529467ebcbbdf9853ed000515', '0d3328a294bf8610d9beec271f179f1b');
INSERT INTO agriculture.tbl_role_menu (id, rid, mid) VALUES ('9cd0d2df2dfde2dcc978a17fa4cb7c90', 'f99c160529467ebcbbdf9853ed000515', '4ed665e0d20048daf56c60e62262a899');
INSERT INTO agriculture.tbl_role_menu (id, rid, mid) VALUES ('a54fe0f1bb6e6065c1d840d72659beb3', '58ddea5881aa61470c3eef3b67922541', '4ed665e0d20048daf56c60e62262a899');
INSERT INTO agriculture.tbl_role_menu (id, rid, mid) VALUES ('b3cac759ad6dbd14df4095f52480ab33', '82609fd30de07df89c9c587327d9d50a', '0d3328a294bf8610d9beec271f179f1b');
INSERT INTO agriculture.tbl_role_menu (id, rid, mid) VALUES ('c9cb70573cb9fb0b1480d073e9f29c35', '82609fd30de07df89c9c587327d9d50a', 'a10a60d2a8e7fd120970efa28bc6883b');
INSERT INTO agriculture.tbl_role_menu (id, rid, mid) VALUES ('d16a2eb1876d63ab4e6bbe5d0b55d2e8', 'f99c160529467ebcbbdf9853ed000515', '7a6379a486a5245b877d68b830b77c2d');
INSERT INTO agriculture.tbl_role_menu (id, rid, mid) VALUES ('d502e80112db232bd6d297a007ebf138', 'f99c160529467ebcbbdf9853ed000515', 'a2ebef150e63efc88b6bf2f45af0d4aa');
INSERT INTO agriculture.tbl_role_menu (id, rid, mid) VALUES ('f01d9b21864bd53d91ff7828b66c1a0c', '82609fd30de07df89c9c587327d9d50a', '4ed665e0d20048daf56c60e62262a899');

INSERT INTO agriculture.tbl_dict (id, name, code, pid, level_code, remark, create_by, create_time, update_by, update_time) VALUES ('0086516a7b7d04ee8602e871985e9cc6', '准备开工', 'DICT_STAGE_1', '71becf327b776a4b9fae243fcda3582c', '0000000200000002', '', 'admin', '2020-09-09 12:03:46', null, null);
INSERT INTO agriculture.tbl_dict (id, name, code, pid, level_code, remark, create_by, create_time, update_by, update_time) VALUES ('09da95832a7bb05f59a6f304caa5d8ec', '已经竣工', 'DICT_STAGE_3', '71becf327b776a4b9fae243fcda3582c', '0000000200000004', '', 'admin', '2020-09-09 12:04:22', null, null);
INSERT INTO agriculture.tbl_dict (id, name, code, pid, level_code, remark, create_by, create_time, update_by, update_time) VALUES ('2a0a9714bfe716f063c5c5bac3bcbe8c', '银行贷款', 'DICT_FUND_3', '64562c343f2b2347ee0de4afa44b19aa', '0000000300000004', '', 'admin', '2020-09-09 12:10:20', 'admin', '2020-09-09 14:53:41');
INSERT INTO agriculture.tbl_dict (id, name, code, pid, level_code, remark, create_by, create_time, update_by, update_time) VALUES ('3aa225561a3ef91dc05df4171e7b2ba2', '政府补助', 'DICT_FUND_4', '64562c343f2b2347ee0de4afa44b19aa', '0000000300000005', '', 'admin', '2020-09-09 12:10:41', 'admin', '2020-09-09 14:53:45');
INSERT INTO agriculture.tbl_dict (id, name, code, pid, level_code, remark, create_by, create_time, update_by, update_time) VALUES ('3cf559c557a00c6f18c6b0f0fd61aa9c', '农业机械化', 'DICT_INDUSTRY_3', '7761f5daf25b25d57565846514d15c92', '0000000100000004', '', 'admin', '2020-09-09 12:01:10', null, null);
INSERT INTO agriculture.tbl_dict (id, name, code, pid, level_code, remark, create_by, create_time, update_by, update_time) VALUES ('4aa4b30d8218beb163590fe88700f98a', '工程设计', 'DICT_STAGE_0', '71becf327b776a4b9fae243fcda3582c', '0000000200000001', '', 'admin', '2020-09-09 12:03:34', null, null);
INSERT INTO agriculture.tbl_dict (id, name, code, pid, level_code, remark, create_by, create_time, update_by, update_time) VALUES ('64562c343f2b2347ee0de4afa44b19aa', '资金分类', 'DICT_FUND', null, '00000003', '', 'admin', '2020-09-09 12:08:52', 'admin', '2020-09-09 14:53:19');
INSERT INTO agriculture.tbl_dict (id, name, code, pid, level_code, remark, create_by, create_time, update_by, update_time) VALUES ('71becf327b776a4b9fae243fcda3582c', '进展阶段', 'DICT_STAGE', null, '00000002', '', 'admin', '2020-09-09 12:03:15', null, null);
INSERT INTO agriculture.tbl_dict (id, name, code, pid, level_code, remark, create_by, create_time, update_by, update_time) VALUES ('7761f5daf25b25d57565846514d15c92', '所属行业', 'DICT_INDUSTRY', null, '00000001', '', 'admin', '2020-09-09 11:59:22', null, null);
INSERT INTO agriculture.tbl_dict (id, name, code, pid, level_code, remark, create_by, create_time, update_by, update_time) VALUES ('a713ae8f9d8c38ef2618a0f31b8ef0fc', '引进外资', 'DICT_FUND_5', '64562c343f2b2347ee0de4afa44b19aa', '0000000300000006', '', 'admin', '2020-09-09 12:10:56', 'admin', '2020-09-09 14:53:52');
INSERT INTO agriculture.tbl_dict (id, name, code, pid, level_code, remark, create_by, create_time, update_by, update_time) VALUES ('c10619dcf1d0efddb56beec6f08c4898', '重大项目', 'DICT_FUND_0', '64562c343f2b2347ee0de4afa44b19aa', '0000000300000001', '', 'admin', '2020-09-09 12:09:43', 'admin', '2020-09-09 14:53:28');
INSERT INTO agriculture.tbl_dict (id, name, code, pid, level_code, remark, create_by, create_time, update_by, update_time) VALUES ('c4f383d1771e3f99cba53af095494b16', '种植业', 'DICT_INDUSTRY_0', '7761f5daf25b25d57565846514d15c92', '0000000100000001', '', 'admin', '2020-09-09 12:00:01', null, null);
INSERT INTO agriculture.tbl_dict (id, name, code, pid, level_code, remark, create_by, create_time, update_by, update_time) VALUES ('c809f9fac5a9060d57ab63e2f3ac2351', '正在建设', 'DICT_STAGE_2', '71becf327b776a4b9fae243fcda3582c', '0000000200000003', '', 'admin', '2020-09-09 12:04:07', null, null);
INSERT INTO agriculture.tbl_dict (id, name, code, pid, level_code, remark, create_by, create_time, update_by, update_time) VALUES ('cb7b67b1d3dd6ad0a4e30dec5d9ece54', '渔业', 'DICT_INDUSTRY_2', '7761f5daf25b25d57565846514d15c92', '0000000100000003', '', 'admin', '2020-09-09 12:00:54', null, null);
INSERT INTO agriculture.tbl_dict (id, name, code, pid, level_code, remark, create_by, create_time, update_by, update_time) VALUES ('de5141963a9b4e6d82e7c1660e20ba18', '自筹资金', 'DICT_FUND_2', '64562c343f2b2347ee0de4afa44b19aa', '0000000300000003', '', 'admin', '2020-09-09 12:10:06', 'admin', '2020-09-09 14:53:36');
INSERT INTO agriculture.tbl_dict (id, name, code, pid, level_code, remark, create_by, create_time, update_by, update_time) VALUES ('e29ab31a2941042e7d21639da0cf7379', '畜牧业', 'DICT_INDUSTRY_1', '7761f5daf25b25d57565846514d15c92', '0000000100000002', '', 'admin', '2020-09-09 12:00:27', null, null);
INSERT INTO agriculture.tbl_dict (id, name, code, pid, level_code, remark, create_by, create_time, update_by, update_time) VALUES ('f1d0e10b13c780dd91c34d59e730b788', '小型项目', 'DICT_FUND_1', '64562c343f2b2347ee0de4afa44b19aa', '0000000300000002', '', 'admin', '2020-09-09 12:09:55', 'admin', '2020-09-09 14:53:32');
INSERT INTO agriculture.tbl_dict (id, name, code, pid, level_code, remark, create_by, create_time, update_by, update_time) VALUES ('f95a3c22fad233b56c6bd11921c3fa3e', '农垦', 'DICT_INDUSTRY_4', '7761f5daf25b25d57565846514d15c92', '0000000100000005', '', 'admin', '2020-09-09 12:01:32', null, null);


