-- DATA
INSERT INTO hbis.tbl_menu (id, name, code, url, pid, level_code, remark, disabled, create_by, create_time, update_by, update_time) VALUES ('009587e63dd80b020897b5858e6ddb87', '应用案例', 'MENU_HBIS_NAV_CASES', '/hbis/cases', '2d1bc9d4319aac6e41ab7d5c2b111f66', '0000000300000003', '', 0, 'admin', '2020-09-06 05:20:35', 'admin', '2020-09-08 02:35:03');
INSERT INTO hbis.tbl_menu (id, name, code, url, pid, level_code, remark, disabled, create_by, create_time, update_by, update_time) VALUES ('017819471ea0d272eec5bd7db7a4531f', '信息维护', 'MENU_HBIS_MAINT', '', null, '00000002', '', 0, 'admin', '2020-09-02 12:03:29', 'admin', '2020-09-07 02:07:40');
INSERT INTO hbis.tbl_menu (id, name, code, url, pid, level_code, remark, disabled, create_by, create_time, update_by, update_time) VALUES ('047545cde436989021039eabe6225ddc', '发展历程', 'MENU_HBIS_NAV_COMPANY_DC', '/hbis/company/dc', '874f35a9bf3cb5486d8a23ef46998e71', '000000030000000100000005', '', 0, 'admin', '2020-09-06 11:48:44', 'admin', '2020-09-06 12:02:52');
INSERT INTO hbis.tbl_menu (id, name, code, url, pid, level_code, remark, disabled, create_by, create_time, update_by, update_time) VALUES ('0aaab910cde409ca44073704672ab041', '角色管理', 'MENU_ROLE', '/role', 'a10a60d2a8e7fd120970efa28bc6883b', '0000000100000003', null, 0, 'admin', '2020-08-28 13:09:11', null, null);
INSERT INTO hbis.tbl_menu (id, name, code, url, pid, level_code, remark, disabled, create_by, create_time, update_by, update_time) VALUES ('0c8a1a05e19f75472f2f5e02f4a6edaf', '企业文化', 'MENU_HBIS_MAINT_ADDITIONAL_CULTURE', '/maint/additional/culture', '017819471ea0d272eec5bd7db7a4531f', '0000000200000007', '', 0, 'admin', '2020-09-07 14:40:35', null, null);
INSERT INTO hbis.tbl_menu (id, name, code, url, pid, level_code, remark, disabled, create_by, create_time, update_by, update_time) VALUES ('0f8161b2f2ae53275b381cff7fcf08e3', '信息化技术', 'MENU_HBIS_NAV_PROFESSIONAL_PIT', '/hbis/professional/pit', '7acb2f6df001bd7fd88bc1cf6c480812', '000000030000000200000001', '', 0, 'admin', '2020-09-06 12:03:09', 'admin', '2020-09-08 06:56:47');
INSERT INTO hbis.tbl_menu (id, name, code, url, pid, level_code, remark, disabled, create_by, create_time, update_by, update_time) VALUES ('1058aa7afaf6c91274a00d7139b18e9a', '经营范围', 'MENU_HBIS_NAV_COMPANY_SCOPE', '/hbis/company/scope', '874f35a9bf3cb5486d8a23ef46998e71', '000000030000000100000003', '', 0, 'admin', '2020-09-06 11:48:14', null, null);
INSERT INTO hbis.tbl_menu (id, name, code, url, pid, level_code, remark, disabled, create_by, create_time, update_by, update_time) VALUES ('167f0c6e6522c2617442b7024a2c6471', '新闻资讯', 'MENU_HBIS_MAINT_NEWS', '/maint/news', '017819471ea0d272eec5bd7db7a4531f', '0000000200000002', '', 0, 'admin', '2020-09-07 02:10:24', null, null);
INSERT INTO hbis.tbl_menu (id, name, code, url, pid, level_code, remark, disabled, create_by, create_time, update_by, update_time) VALUES ('1b54507585eeca8f746aa1ec26c29d5c', '菜单管理', 'MENU_MENU', '/menu', 'a10a60d2a8e7fd120970efa28bc6883b', '0000000100000001', null, 0, 'admin', '2020-08-28 13:08:09', null, null);
INSERT INTO hbis.tbl_menu (id, name, code, url, pid, level_code, remark, disabled, create_by, create_time, update_by, update_time) VALUES ('2d1bc9d4319aac6e41ab7d5c2b111f66', 'HBIS导航', 'MENU_HBIS_NAV', '', null, '00000003', '', 0, 'admin', '2020-09-02 12:13:02', null, null);
INSERT INTO hbis.tbl_menu (id, name, code, url, pid, level_code, remark, disabled, create_by, create_time, update_by, update_time) VALUES ('349800c2584a6b4ec55a24e0e4a8e42d', '组织机构', 'MENU_HBIS_NAV_COMPANY_ORG', '/hbis/company/org', '874f35a9bf3cb5486d8a23ef46998e71', '000000030000000100000002', '', 0, 'admin', '2020-09-06 11:42:00', 'admin', '2020-09-06 12:02:28');
INSERT INTO hbis.tbl_menu (id, name, code, url, pid, level_code, remark, disabled, create_by, create_time, update_by, update_time) VALUES ('36e55b665d353563696591742b05b4a4', '企业愿景', 'MENU_HBIS_NAV_CULTURE_CEV', '/hbis/culture/cev', '3f0711388b67c2266749a16a84260ddc', '000000030000000500000001', '', 0, 'admin', '2020-09-06 12:07:49', 'admin', '2020-09-08 06:58:19');
INSERT INTO hbis.tbl_menu (id, name, code, url, pid, level_code, remark, disabled, create_by, create_time, update_by, update_time) VALUES ('3c3eddce6ffad4ad07c56c181eefd3de', '公司概况', 'MENU_HBIS_NAV_COMPANY_CP', '/hbis/company/cp', '874f35a9bf3cb5486d8a23ef46998e71', '000000030000000100000001', '', 0, 'admin', '2020-09-06 10:58:26', 'admin', '2020-09-06 12:01:42');
INSERT INTO hbis.tbl_menu (id, name, code, url, pid, level_code, remark, disabled, create_by, create_time, update_by, update_time) VALUES ('3cdce7fa7f85ea17667f4497729945b8', '通信技术', 'MENU_HBIS_NAV_PROFESSIONAL_PCT', '/hbis/professional/pct', '7acb2f6df001bd7fd88bc1cf6c480812', '000000030000000200000003', '', 0, 'admin', '2020-09-06 12:03:51', 'admin', '2020-09-08 06:56:59');
INSERT INTO hbis.tbl_menu (id, name, code, url, pid, level_code, remark, disabled, create_by, create_time, update_by, update_time) VALUES ('3f0711388b67c2266749a16a84260ddc', '企业文化', 'MENU_HBIS_NAV_CULTURE', '/hbis/culture', '2d1bc9d4319aac6e41ab7d5c2b111f66', '0000000300000005', '', 0, 'admin', '2020-09-06 05:22:07', 'admin', '2020-09-06 11:41:04');
INSERT INTO hbis.tbl_menu (id, name, code, url, pid, level_code, remark, disabled, create_by, create_time, update_by, update_time) VALUES ('3f905891fd7d5ac9b2705677e7d7f354', '通讯系统', 'MENU_HBIS_NAV_CASES_CCS', '/hbis/cases/ccs', '009587e63dd80b020897b5858e6ddb87', '000000030000000300000003', '', 0, 'admin', '2020-09-06 12:06:18', 'admin', '2020-09-08 06:59:46');
INSERT INTO hbis.tbl_menu (id, name, code, url, pid, level_code, remark, disabled, create_by, create_time, update_by, update_time) VALUES ('49ba28e1e278b7fd71c52c3431121833', '团队建设', 'MENU_HBIS_NAV_CULTURE_CTB', '/hbis/culture/ctb', '3f0711388b67c2266749a16a84260ddc', '000000030000000500000003', '', 0, 'admin', '2020-09-06 12:08:19', 'admin', '2020-09-08 06:58:56');
INSERT INTO hbis.tbl_menu (id, name, code, url, pid, level_code, remark, disabled, create_by, create_time, update_by, update_time) VALUES ('4faa559d5bcb5cb6f6783104daddba55', '公司信息', 'MENU_HBIS_MAINT_COMPANY', '/maint/company', '017819471ea0d272eec5bd7db7a4531f', '0000000200000001', '', 0, 'admin', '2020-09-07 02:09:33', null, null);
INSERT INTO hbis.tbl_menu (id, name, code, url, pid, level_code, remark, disabled, create_by, create_time, update_by, update_time) VALUES ('75e5222c65af4f88ef01408d22101063', '广告图片', 'MENU_HBIS_MAINT_ADVERT', '/maint/advert', '017819471ea0d272eec5bd7db7a4531f', '0000000200000003', '', 0, 'admin', '2020-09-02 12:55:06', 'admin', '2020-09-07 02:08:24');
INSERT INTO hbis.tbl_menu (id, name, code, url, pid, level_code, remark, disabled, create_by, create_time, update_by, update_time) VALUES ('7acb2f6df001bd7fd88bc1cf6c480812', '专业领域', 'MENU_HBIS_NAV_PROFESSIONAL', '/hbis/professional', '2d1bc9d4319aac6e41ab7d5c2b111f66', '0000000300000002', '', 0, 'admin', '2020-09-06 05:19:57', 'admin', '2020-09-06 11:40:41');
INSERT INTO hbis.tbl_menu (id, name, code, url, pid, level_code, remark, disabled, create_by, create_time, update_by, update_time) VALUES ('7e6fbba3808c67f91c11c398d3d15810', '应用案例', 'MENU_HBIS_MAINT_ADDITIONAL_CASES', '/maint/additional/cases', '017819471ea0d272eec5bd7db7a4531f', '0000000200000006', '', 0, 'admin', '2020-09-07 14:39:50', null, null);
INSERT INTO hbis.tbl_menu (id, name, code, url, pid, level_code, remark, disabled, create_by, create_time, update_by, update_time) VALUES ('874f35a9bf3cb5486d8a23ef46998e71', '公司简介', 'MENU_HBIS_NAV_COMPANY', '/hbis/company', '2d1bc9d4319aac6e41ab7d5c2b111f66', '0000000300000001', '', 0, 'admin', '2020-09-06 05:19:16', 'admin', '2020-09-06 11:40:29');
INSERT INTO hbis.tbl_menu (id, name, code, url, pid, level_code, remark, disabled, create_by, create_time, update_by, update_time) VALUES ('891f70b1b6e550f5852bdd553673bede', '自动化技术', 'MENU_HBIS_NAV_PROFESSIONAL_PAT', '/hbis/professional/pat', '7acb2f6df001bd7fd88bc1cf6c480812', '000000030000000200000002', '', 0, 'admin', '2020-09-06 12:03:35', 'admin', '2020-09-08 06:56:53');
INSERT INTO hbis.tbl_menu (id, name, code, url, pid, level_code, remark, disabled, create_by, create_time, update_by, update_time) VALUES ('8ea43cfc20e3de5b4bcd157efb0a5f55', '授权管理', 'MENU_GRANT', '/grant', 'a10a60d2a8e7fd120970efa28bc6883b', '0000000100000004', null, 0, 'admin', '2020-08-28 13:09:48', null, null);
INSERT INTO hbis.tbl_menu (id, name, code, url, pid, level_code, remark, disabled, create_by, create_time, update_by, update_time) VALUES ('a10a60d2a8e7fd120970efa28bc6883b', '系统设置', 'MENU_SETTING', '', null, '00000001', null, 0, 'admin', '2020-08-28 13:07:51', null, null);
INSERT INTO hbis.tbl_menu (id, name, code, url, pid, level_code, remark, disabled, create_by, create_time, update_by, update_time) VALUES ('a2ebef150e63efc88b6bf2f45af0d4aa', '用户管理', 'MENU_USER', '/user', 'a10a60d2a8e7fd120970efa28bc6883b', '0000000100000002', null, 0, 'admin', '2020-08-28 13:08:54', null, null);
INSERT INTO hbis.tbl_menu (id, name, code, url, pid, level_code, remark, disabled, create_by, create_time, update_by, update_time) VALUES ('ad570d4fbb7167edcce96e0267895e09', '门禁监控', 'MENU_HBIS_NAV_PROFESSIONAL_PEG', '/hbis/professional/peg', '7acb2f6df001bd7fd88bc1cf6c480812', '000000030000000200000005', '', 0, 'admin', '2020-09-06 12:04:59', 'admin', '2020-09-08 06:57:23');
INSERT INTO hbis.tbl_menu (id, name, code, url, pid, level_code, remark, disabled, create_by, create_time, update_by, update_time) VALUES ('af08f15c8c2661c060d3c99b1d35ce3c', '人员概况', 'MENU_HBIS_NAV_COMPANY_PERSONNEL', '/hbis/company/personnel', '874f35a9bf3cb5486d8a23ef46998e71', '000000030000000100000004', '', 0, 'admin', '2020-09-06 11:48:31', null, null);
INSERT INTO hbis.tbl_menu (id, name, code, url, pid, level_code, remark, disabled, create_by, create_time, update_by, update_time) VALUES ('b1d6a7088cceceaf13f15d3811053bb3', '监控系统', 'MENU_HBIS_NAV_CASES_CMS', '/hbis/cases/cms', '009587e63dd80b020897b5858e6ddb87', '000000030000000300000004', '', 0, 'admin', '2020-09-06 12:06:33', 'admin', '2020-09-08 06:59:49');
INSERT INTO hbis.tbl_menu (id, name, code, url, pid, level_code, remark, disabled, create_by, create_time, update_by, update_time) VALUES ('bb69a8b624687ef8a5f2023a4c44c8b8', '新闻动态', 'MENU_HBIS_NAV_NEWS', '/hbis/news', '2d1bc9d4319aac6e41ab7d5c2b111f66', '0000000300000004', '', 0, 'admin', '2020-09-06 05:20:55', 'admin', '2020-09-06 11:41:00');
INSERT INTO hbis.tbl_menu (id, name, code, url, pid, level_code, remark, disabled, create_by, create_time, update_by, update_time) VALUES ('c0dcd94ec77141dd93bffd300c6322b5', '自动化系统', 'MENU_HBIS_NAV_CASES_CAS', '/hbis/cases/cas', '009587e63dd80b020897b5858e6ddb87', '000000030000000300000002', '', 0, 'admin', '2020-09-06 12:06:04', 'admin', '2020-09-08 06:59:33');
INSERT INTO hbis.tbl_menu (id, name, code, url, pid, level_code, remark, disabled, create_by, create_time, update_by, update_time) VALUES ('c659988649e793bcada6faec85a2e104', '公司动态', 'MENU_HBIS_NAV_NEWS_CD', '/hbis/news/cd', 'bb69a8b624687ef8a5f2023a4c44c8b8', '000000030000000400000001', '', 0, 'admin', '2020-09-06 12:07:19', null, null);
INSERT INTO hbis.tbl_menu (id, name, code, url, pid, level_code, remark, disabled, create_by, create_time, update_by, update_time) VALUES ('c6bd1de90f894d7a5ee5863eb6530504', '门禁系统', 'MENU_HBIS_NAV_CASES_CEG', '/hbis/cases/ceg', '009587e63dd80b020897b5858e6ddb87', '000000030000000300000005', '', 0, 'admin', '2020-09-06 12:06:51', 'admin', '2020-09-08 06:59:53');
INSERT INTO hbis.tbl_menu (id, name, code, url, pid, level_code, remark, disabled, create_by, create_time, update_by, update_time) VALUES ('c6be3ce395b7a816c1483894bfdf665f', '信息化系统', 'MENU_HBIS_NAV_CASES_CIS', '/hbis/cases/cis', '009587e63dd80b020897b5858e6ddb87', '000000030000000300000001', '', 0, 'admin', '2020-09-06 12:05:49', 'admin', '2020-09-08 06:59:39');
INSERT INTO hbis.tbl_menu (id, name, code, url, pid, level_code, remark, disabled, create_by, create_time, update_by, update_time) VALUES ('e4f1eb9273d9ff660360b0d120f8d8a5', '文体活动', 'MENU_HBIS_NAV_CULTURE_CRA', '/hbis/culture/cra', '3f0711388b67c2266749a16a84260ddc', '000000030000000500000002', '', 0, 'admin', '2020-09-06 12:08:06', 'admin', '2020-09-08 06:58:45');
INSERT INTO hbis.tbl_menu (id, name, code, url, pid, level_code, remark, disabled, create_by, create_time, update_by, update_time) VALUES ('ef3d02cbc3e0ab7d632f8464c3b35ae1', '行业动态', 'MENU_HBIS_NAV_NEWS_ID', '/hbis/news/id', 'bb69a8b624687ef8a5f2023a4c44c8b8', '000000030000000400000002', '', 0, 'admin', '2020-09-06 12:07:32', null, null);
INSERT INTO hbis.tbl_menu (id, name, code, url, pid, level_code, remark, disabled, create_by, create_time, update_by, update_time) VALUES ('ef85be80fbac2760079d89f9988c0713', '网络技术', 'MENU_HBIS_NAV_PROFESSIONAL_PNT', '/hbis/professional/pnt', '7acb2f6df001bd7fd88bc1cf6c480812', '000000030000000200000004', '', 0, 'admin', '2020-09-06 12:04:13', 'admin', '2020-09-08 06:57:15');
INSERT INTO hbis.tbl_menu (id, name, code, url, pid, level_code, remark, disabled, create_by, create_time, update_by, update_time) VALUES ('f135433386d9502f72d5ffb27a4da4e5', '专业领域', 'MENU_HBIS_MAINT_ADDITIONAL_PROFESSIONAL', '/maint/additional/professional', '017819471ea0d272eec5bd7db7a4531f', '0000000200000005', '', 0, 'admin', '2020-09-07 13:58:54', 'admin', '2020-09-07 14:38:53');
INSERT INTO hbis.tbl_menu (id, name, code, url, pid, level_code, remark, disabled, create_by, create_time, update_by, update_time) VALUES ('f84d81c46eb8f0cd210c2fc21f13e810', '项目展示', 'MENU_HBIS_MAINT_CASE', '/maint/case', '017819471ea0d272eec5bd7db7a4531f', '0000000200000004', '', 0, 'admin', '2020-09-04 08:10:27', 'admin', '2020-09-08 01:28:57');

-- DATA
INSERT INTO hbis.tbl_user (id, nickname, username, password, enabled, create_by, create_time, update_by, update_time) VALUES ('49803ceafc6124c50d908c08dba2d799', 'Editor', 'editor', '$2a$10$oO6CEpQ7ewnTbyh6y3FE5uyO.WgfE/BBftZplci4MWg/FQI3d9ScW', 1, 'admin', '2020-08-31 01:36:08', null, null);
INSERT INTO hbis.tbl_user (id, nickname, username, password, enabled, create_by, create_time, update_by, update_time) VALUES ('c071c91457d1e40dc1ad0c3f664d57c7', 'Administrator', 'administrator', '$2a$10$3GFBMXKzDLKqUpWJVh4qL.ATHJI0uNLmzo.Wi2VktHOSrJfkn3B3G', 1, 'admin', '2020-09-02 12:02:10', null, null);

-- DATA
INSERT INTO hbis.tbl_role (id, name, code, remark, create_by, create_time, update_by, update_time) VALUES ('58ddea5881aa61470c3eef3b67922541', '维护人员', 'MAINTAINERS', '', 'admin', '2020-08-28 15:06:04', null, null);
INSERT INTO hbis.tbl_role (id, name, code, remark, create_by, create_time, update_by, update_time) VALUES ('f99c160529467ebcbbdf9853ed000515', '管理员', 'ADMIN', '', 'admin', '2020-08-28 14:43:33', null, null);

-- DATA
INSERT INTO hbis.tbl_user_role (id, uid, rid) VALUES ('1162ee612b4392ee14ded9bf055a06bc', '49803ceafc6124c50d908c08dba2d799', '58ddea5881aa61470c3eef3b67922541');
INSERT INTO hbis.tbl_user_role (id, uid, rid) VALUES ('eac1bd1bd0bcc463acdc03110d6afb12', 'c071c91457d1e40dc1ad0c3f664d57c7', 'f99c160529467ebcbbdf9853ed000515');

-- DATA
INSERT INTO hbis.tbl_role_menu (id, rid, mid) VALUES ('02ac5bf49253d933f4c55f420c05ae1a', '58ddea5881aa61470c3eef3b67922541', '0c8a1a05e19f75472f2f5e02f4a6edaf');
INSERT INTO hbis.tbl_role_menu (id, rid, mid) VALUES ('03d38093a58785f73ba764d67dda61ad', 'f99c160529467ebcbbdf9853ed000515', 'a10a60d2a8e7fd120970efa28bc6883b');
INSERT INTO hbis.tbl_role_menu (id, rid, mid) VALUES ('05a8ac549e59e8354efa3d70597b850c', 'f99c160529467ebcbbdf9853ed000515', '75e5222c65af4f88ef01408d22101063');
INSERT INTO hbis.tbl_role_menu (id, rid, mid) VALUES ('08d7026228fde2692c942945a0a9f147', 'f99c160529467ebcbbdf9853ed000515', '017819471ea0d272eec5bd7db7a4531f');
INSERT INTO hbis.tbl_role_menu (id, rid, mid) VALUES ('1ac90143013aba3f0619f871fdb71a58', '58ddea5881aa61470c3eef3b67922541', '75e5222c65af4f88ef01408d22101063');
INSERT INTO hbis.tbl_role_menu (id, rid, mid) VALUES ('3231cc585c1766d49b744ef9b98bd788', '58ddea5881aa61470c3eef3b67922541', 'f135433386d9502f72d5ffb27a4da4e5');
INSERT INTO hbis.tbl_role_menu (id, rid, mid) VALUES ('327aca923f06a94a0946e00181134c74', 'f99c160529467ebcbbdf9853ed000515', '0c8a1a05e19f75472f2f5e02f4a6edaf');
INSERT INTO hbis.tbl_role_menu (id, rid, mid) VALUES ('3284c5781d1aeafb666d1bb4bd65828c', 'f99c160529467ebcbbdf9853ed000515', '1b54507585eeca8f746aa1ec26c29d5c');
INSERT INTO hbis.tbl_role_menu (id, rid, mid) VALUES ('47dd23a527d847e13d4db0e22166507d', 'f99c160529467ebcbbdf9853ed000515', 'a2ebef150e63efc88b6bf2f45af0d4aa');
INSERT INTO hbis.tbl_role_menu (id, rid, mid) VALUES ('4aa46150027c62e7e0885ed2b7ebf5ad', '58ddea5881aa61470c3eef3b67922541', '4faa559d5bcb5cb6f6783104daddba55');
INSERT INTO hbis.tbl_role_menu (id, rid, mid) VALUES ('55dea8efc9ae9a1901c12a8ff2a2845c', 'f99c160529467ebcbbdf9853ed000515', '8ea43cfc20e3de5b4bcd157efb0a5f55');
INSERT INTO hbis.tbl_role_menu (id, rid, mid) VALUES ('6e0ac3e9d4353211ae1f47089efab893', 'f99c160529467ebcbbdf9853ed000515', '167f0c6e6522c2617442b7024a2c6471');
INSERT INTO hbis.tbl_role_menu (id, rid, mid) VALUES ('6ed3370594a179846228f868a6be5ef1', '58ddea5881aa61470c3eef3b67922541', '167f0c6e6522c2617442b7024a2c6471');
INSERT INTO hbis.tbl_role_menu (id, rid, mid) VALUES ('89eee169c74468485cd7d49038062268', '58ddea5881aa61470c3eef3b67922541', '7e6fbba3808c67f91c11c398d3d15810');
INSERT INTO hbis.tbl_role_menu (id, rid, mid) VALUES ('928dc9a10b1ca9b3a242e4a3ded3c632', 'f99c160529467ebcbbdf9853ed000515', 'f135433386d9502f72d5ffb27a4da4e5');
INSERT INTO hbis.tbl_role_menu (id, rid, mid) VALUES ('ad3b7ec941636e325bad299969ea887b', 'f99c160529467ebcbbdf9853ed000515', '0aaab910cde409ca44073704672ab041');
INSERT INTO hbis.tbl_role_menu (id, rid, mid) VALUES ('b26a42a1f18acd879357401f8ad9c181', 'f99c160529467ebcbbdf9853ed000515', 'f84d81c46eb8f0cd210c2fc21f13e810');
INSERT INTO hbis.tbl_role_menu (id, rid, mid) VALUES ('b5de74bb3eefd477916e7d48b47f8c20', 'f99c160529467ebcbbdf9853ed000515', '4faa559d5bcb5cb6f6783104daddba55');
INSERT INTO hbis.tbl_role_menu (id, rid, mid) VALUES ('d6360a64a76cbf27261e698da5d98308', '58ddea5881aa61470c3eef3b67922541', 'f84d81c46eb8f0cd210c2fc21f13e810');
INSERT INTO hbis.tbl_role_menu (id, rid, mid) VALUES ('e15246dabfc078cdd7ba7ac4d0270cbe', '58ddea5881aa61470c3eef3b67922541', '017819471ea0d272eec5bd7db7a4531f');
INSERT INTO hbis.tbl_role_menu (id, rid, mid) VALUES ('ec60e362166505acf5e1328c045321c9', 'f99c160529467ebcbbdf9853ed000515', '7e6fbba3808c67f91c11c398d3d15810');

-- DATA
INSERT INTO hbis.tbl_file_descriptor (id, name, path, content_type, size, create_by, create_time, update_by, update_time) VALUES ('11cca140e3ad4e77aa7506dd1ea122d1', 'hggkzx.jpg', '2020-09-06/11cca140e3ad4e77aa7506dd1ea122d1.jpg', 'image/jpeg', 117687, 'admin', '2020-09-06 05:00:52', null, null);
INSERT INTO hbis.tbl_file_descriptor (id, name, path, content_type, size, create_by, create_time, update_by, update_time) VALUES ('15c19437a1bf4312b8ce5c6e88e3d21a', 'b1.jpg', '2020-09-06/15c19437a1bf4312b8ce5c6e88e3d21a.jpg', 'image/jpeg', 193297, 'admin', '2020-09-06 04:59:15', null, null);
INSERT INTO hbis.tbl_file_descriptor (id, name, path, content_type, size, create_by, create_time, update_by, update_time) VALUES ('23e1edaf123546d58676378a8c7a9f46', 'lzlt.jpg', '2020-09-06/23e1edaf123546d58676378a8c7a9f46.jpg', 'image/jpeg', 135200, 'admin', '2020-09-06 05:03:35', null, null);
INSERT INTO hbis.tbl_file_descriptor (id, name, path, content_type, size, create_by, create_time, update_by, update_time) VALUES ('4ccbd9a52ead47e8b58a74f18de3090e', 'mjxt.jpg', '2020-09-06/4ccbd9a52ead47e8b58a74f18de3090e.jpg', 'image/jpeg', 72001, 'admin', '2020-09-06 05:02:09', null, null);
INSERT INTO hbis.tbl_file_descriptor (id, name, path, content_type, size, create_by, create_time, update_by, update_time) VALUES ('52304753f737408da3de5a3412788328', 'map.jpg', '2020-09-07/52304753f737408da3de5a3412788328.jpg', 'image/jpeg', 93756, 'admin', '2020-09-07 10:35:40', null, null);
INSERT INTO hbis.tbl_file_descriptor (id, name, path, content_type, size, create_by, create_time, update_by, update_time) VALUES ('98c4d5e8be9d45cd906f6a988faad58b', 'cover.png', '2020-09-07/98c4d5e8be9d45cd906f6a988faad58b.png', 'image/png', 38707, 'admin', '2020-09-07 10:34:55', null, null);
INSERT INTO hbis.tbl_file_descriptor (id, name, path, content_type, size, create_by, create_time, update_by, update_time) VALUES ('9b5bfe7656fa481bb808a9fe89b07127', 'ycjl.jpg', '2020-09-06/9b5bfe7656fa481bb808a9fe89b07127.jpg', 'image/jpeg', 98794, 'admin', '2020-09-06 05:04:18', null, null);
INSERT INTO hbis.tbl_file_descriptor (id, name, path, content_type, size, create_by, create_time, update_by, update_time) VALUES ('9f49f0fee07749d4a61cd1c489d3ee4a', 'ykt.jpg', '2020-09-06/9f49f0fee07749d4a61cd1c489d3ee4a.jpg', 'image/jpeg', 95958, 'admin', '2020-09-06 05:03:00', null, null);
INSERT INTO hbis.tbl_file_descriptor (id, name, path, content_type, size, create_by, create_time, update_by, update_time) VALUES ('c0640d6c11ce4d86b3ccc829afdd8976', 'b4.jpg', '2020-09-06/c0640d6c11ce4d86b3ccc829afdd8976.jpg', 'image/jpeg', 369943, 'admin', '2020-09-06 04:59:15', null, null);
INSERT INTO hbis.tbl_file_descriptor (id, name, path, content_type, size, create_by, create_time, update_by, update_time) VALUES ('d1c840575a7040a4be12583648c80f60', 'b2.jpg', '2020-09-06/d1c840575a7040a4be12583648c80f60.jpg', 'image/jpeg', 194018, 'admin', '2020-09-06 04:59:15', null, null);
INSERT INTO hbis.tbl_file_descriptor (id, name, path, content_type, size, create_by, create_time, update_by, update_time) VALUES ('f18f5aee34074d1aa9bd06a6d3ab81f7', 'rlz.jpg', '2020-09-06/f18f5aee34074d1aa9bd06a6d3ab81f7.jpg', 'image/jpeg', 169288, 'admin', '2020-09-06 05:03:46', null, null);
INSERT INTO hbis.tbl_file_descriptor (id, name, path, content_type, size, create_by, create_time, update_by, update_time) VALUES ('f7150a77dd3d4c26a58e327a8d2829bb', 'b3.jpg', '2020-09-06/f7150a77dd3d4c26a58e327a8d2829bb.jpg', 'image/jpeg', 264759, 'admin', '2020-09-06 04:59:15', null, null);

-- DATA
INSERT INTO hbis.tbl_advert (id, fid) VALUES ('33ff214a4619d76a0e2f59fd58e1d512', '15c19437a1bf4312b8ce5c6e88e3d21a');
INSERT INTO hbis.tbl_advert (id, fid) VALUES ('42588f350b3c3ae198ef9d475d0908a0', 'c0640d6c11ce4d86b3ccc829afdd8976');
INSERT INTO hbis.tbl_advert (id, fid) VALUES ('7f1c5cbc9a6352d1769c9b8e211a789d', 'f7150a77dd3d4c26a58e327a8d2829bb');
INSERT INTO hbis.tbl_advert (id, fid) VALUES ('bf03d6fcaed09c58b78920db0fcf863b', 'd1c840575a7040a4be12583648c80f60');

-- DATA
INSERT INTO hbis.tbl_case (id, fid, name, cover, create_by, create_time, update_by, update_time) VALUES ('5a0d4561770f7da7d32f7041b1c70a83', 'f18f5aee34074d1aa9bd06a6d3ab81f7', '热连轧生产线', '2020-09-06/f18f5aee34074d1aa9bd06a6d3ab81f7.jpg', 'admin', '2020-09-06 05:03:46', null, null);
INSERT INTO hbis.tbl_case (id, fid, name, cover, create_by, create_time, update_by, update_time) VALUES ('6aff55a130081837a858cf4330b9e508', '9f49f0fee07749d4a61cd1c489d3ee4a', '车辆物流“一卡通”系统', '2020-09-06/9f49f0fee07749d4a61cd1c489d3ee4a.jpg', 'admin', '2020-09-06 05:03:00', null, null);
INSERT INTO hbis.tbl_case (id, fid, name, cover, create_by, create_time, update_by, update_time) VALUES ('93f1813337355d37b162333d40758f56', '23e1edaf123546d58676378a8c7a9f46', '冷轧连退线', '2020-09-06/23e1edaf123546d58676378a8c7a9f46.jpg', 'admin', '2020-09-06 05:03:35', null, null);
INSERT INTO hbis.tbl_case (id, fid, name, cover, create_by, create_time, update_by, update_time) VALUES ('9d74067410bbc97ad9b08c1ef316de8a', '4ccbd9a52ead47e8b58a74f18de3090e', '门禁系统', '2020-09-06/4ccbd9a52ead47e8b58a74f18de3090e.jpg', 'admin', '2020-09-06 05:02:09', null, null);
INSERT INTO hbis.tbl_case (id, fid, name, cover, create_by, create_time, update_by, update_time) VALUES ('daab32281b45f330936741abdf93d3ad', '11cca140e3ad4e77aa7506dd1ea122d1', '邯钢管控中心', '2020-09-06/11cca140e3ad4e77aa7506dd1ea122d1.jpg', 'admin', '2020-09-06 05:00:52', null, null);
INSERT INTO hbis.tbl_case (id, fid, name, cover, create_by, create_time, update_by, update_time) VALUES ('fef442a8df6ceecc33949cbefd6d32d3', '9b5bfe7656fa481bb808a9fe89b07127', '远程计量系统', '2020-09-06/9b5bfe7656fa481bb808a9fe89b07127.jpg', 'admin', '2020-09-06 05:04:18', null, null);

-- DATA
INSERT INTO hbis.tbl_company (id, name, address, zip_code, phone, fax, contact, mobile, cover_id, cover_path, map_id, map_path, introduction, situation, organization, scope, personnel, history, create_by, create_time, update_by, update_time) VALUES ('fb8d9c48dbd3bcd8a0f16ef488905c7e', '邯郸市邯钢集团信达科技有限公司', '河北省邯郸市复兴路232号', '056015', '（0310） 2096666   6074881', '（0310）6075586', '冯先生', '15032000988', '98c4d5e8be9d45cd906f6a988faad58b', '2020-09-07/98c4d5e8be9d45cd906f6a988faad58b.png', '52304753f737408da3de5a3412788328', '2020-09-07/52304753f737408da3de5a3412788328.jpg', '邯郸市邯钢集团信达科技有限公司（简称信达科技），系河钢集团邯钢公司全资子公司，注册资本500万元，1997年成立。历经邯钢20年基础自动化的高速发展和信息化改造的曲折进程，通过引进消化吸收、联合、自主等途径，实施了涵盖钢铁冶金行业全工艺流程的自动化、信息化系统。凭借服务邯钢的经验和技术积累，信达科技面向社会持续发展，已经成长为能够提供自动化、信息化、通讯、监控等系统解决方案的高新技术企业。', '<p class="MsoListParagraph" style="margin: 0cm 0cm 0pt; line-height: 32pt; mso-char-indent-count: 0"><span style="font-size: 12pt; font-family: 仿宋; color: #505050; line-height: 32pt; mso-bidi-font-family: Arial; mso-font-kerning: 0pt"><font face="宋体">&nbsp;&nbsp;&nbsp; 邯郸市邯钢集团信达科技有限公司（简称信达科技），系河钢集团邯钢公司全资子公司，高新技术企业，中国仪器仪表行业协会现场设备集成技术（FDT）专业委员会会员，注册资本<span lang="EN-US">500</span>万元，<span lang="EN-US">1997</span>年成立。历经邯钢<span lang="EN-US">20</span>年基础自动化的高速发展和信息化改造的曲折进程，通过引进消化吸收、联合、自主等途径，实施了涵盖钢铁冶金行业全工艺流程的自动化、信息化系统。凭借服务邯钢的经验和技术积累，信达科技经过多年来的深耕细作，能够为客户提供大数据、智能制造、智慧物流、自动控制及通讯安防等系统解决方案和技术服务。产品覆盖钢铁冶金全产业链，在汽车制造、医药、发电、贸易、物流、公共服务等行业均有良好业绩。</font></span></p><p class="MsoListParagraph" style="margin: 0cm 0cm 0pt; line-height: 32pt; mso-char-indent-count: 0"><span style="font-size: 12pt; font-family: 仿宋; color: #505050; line-height: 32pt; mso-bidi-font-family: Arial; mso-font-kerning: 0pt"><font face="宋体">&nbsp;&nbsp; 信达科技拥有信息化、自动化、大数据、安全等领域专项十余项、软件著作权数十项。与多家国际、国内一流企业建立协作、合作关系，与国内知名高校、研究机构组件研发团队，正致力于物联网、人工智能、工控网络安全等领域的研发推广。</font></span></p><p style="text-align: center">&nbsp;</p>', '<div id="pagecontent"><p class="MsoListParagraph" style="line-height: 32px; margin: 0cm 0cm 0pt; mso-char-indent-count: 0"><span style="line-height: 32px; font-family: 仿宋; color: #505050; font-size: 14pt; mso-bidi-font-family: Arial; mso-font-kerning: 0pt"><font face="宋体">&nbsp;&nbsp;&nbsp; 信达科技公司设执行董事、监事，由邯钢集团委派；设经理一名，由邯钢集团推荐，执行董事聘任；设副经理、技术总监；设置综合部、财务部、采购部、项目部、技术部等部门。</font><span lang="EN-US"><o:p></o:p></span></span></p>
<p class="MsoListParagraph" style="line-height: 150%; margin: 0cm 0cm 0pt; mso-char-indent-count: 0">&nbsp;</p>
<p style="text-justify: inter-ideograph; text-align: center"><img src="/assets/images/hbis/company/org.jpg" width="550" height="400"></p>
<p style="text-align: center">公司组织机构</p>
<p style="text-align: center">&nbsp;</p>
<p style="text-align: center">&nbsp;</p>
<p style="text-align: center">&nbsp;</p>
</div>', '<img src="/assets/images/hbis/company/scope.jpg" width="100%" height="100%">', '<div id="pagecontent"><p class="MsoNormal" style="layout-grid-mode: char; margin: 0cm 0cm 0pt; line-height: 27pt; mso-line-height-rule: exactly"><b><span style="font-size: 14pt; font-family: 宋体">人才优势<span lang="EN-US"><o:p></o:p></span></span></b></p><p class="MsoNormal" style="margin: 0cm 0cm 0pt; line-height: 32pt; text-indent: 28pt; mso-char-indent-count: 2.0"><span style="font-size: 14pt; font-family: 宋体; mso-bidi-font-weight: bold">信达科技公司现有员工590名。其中，本科以上技术人员195人，硕士研究生20人；工程师96人、高级工程师50人；技师、高级技师30人。</span></p><p class="MsoNormal" style="margin: 0cm 0cm 0pt; line-height: 32pt; text-indent: 28pt; mso-char-indent-count: 2.0"><span style="font-size: 14pt; font-family: 宋体; mso-bidi-font-weight: bold">公司专业技术人员涵盖自动化、信息化、通讯等领域。其中，自控、网络、系统集成及信息系统项目管理等工程师100多名，计算机、测控、通讯等专业研究生20多名，拥有大数据、智能制造等领域专家技术团队。</span></p><p class="MsoNormal" style="margin: 0cm 0cm 0pt; line-height: 32pt; text-indent: 28pt; mso-char-indent-count: 2.0"><span style="font-size: 14pt; font-family: 宋体; mso-bidi-font-weight: bold"><span lang="EN-US"><o:p></o:p></span></span></p>&nbsp;<p></p>
</div>', '<div id="pagecontent"><p class="MsoNormal" style="line-height: 32pt; text-indent: 28pt; margin: 0cm 0cm 0pt; mso-char-indent-count: 2.0"><span style="font-family: 宋体; font-size: 14pt; mso-bidi-font-weight: bold">1997年4月，成立兴企高新技术开发公司。2007年12月，更名为兴企科技开发有限公司，并变更营业范围，增加了注册资本。2016年5月26日，变更企业名称为邯郸市邯钢集团信达科技有限公司。同时，营业范围增加了软件开发、数据处理和存储服务等。2018年9月27日，营业范围增加了电气及仪器仪表维修，货物和技术的进出口。</span></p><p class="MsoNormal" style="line-height: 32pt; text-indent: 28pt; margin: 0cm 0cm 0pt; mso-char-indent-count: 2.0"><span style="font-family: 宋体; font-size: 14pt; mso-bidi-font-weight: bold">伴随着邯钢的持续发展和科学技术的日新月异，公司逐步成长壮大。经过多年的知识积累和沉淀，拥有30余项专利和软件权，目前已经取得的资质和证书有：承装（修、试）电力设施许可证、信息系统集成及服务资质证书、质量管理体系认证证书、高新技术企业资质认证。现在公司有着多元化的资质类别，齐全的人员证书配备、具有电气自动化系统安装集成、信息化系统解决方案设计及实施、通讯监控系统集成等能力，并取得了较好业绩。</span></p><p class="MsoNormal" style="line-height: 32pt; text-indent: 28pt; margin: 0cm 0cm 0pt; mso-char-indent-count: 2.0"><span style="font-family: 宋体; font-size: 14pt; mso-bidi-font-weight: bold">目前，信达科技致力于智能制造、智慧物流、云计算、大数据应用等领域的应用推广及持续研发，在创新、创造的实践中续写新的华章。</span></p><p class="MsoNormal" style="line-height: 32pt; text-indent: 28.3pt; margin: 0cm 0cm 0pt; mso-char-indent-count: 2.02">&nbsp;</p>
</div>', 'admin', '2020-09-07 08:14:38', 'admin', '2020-09-08 11:58:32');

-- DATA
INSERT INTO hbis.tbl_additional (id, professional, pit, pat, pct, pnt, peg, cases, cis, cas, ccs, cms, ceg, culture, cev, cra, ctb) VALUES ('ecda38becdbb988dc7e824d95aa42f8f', '<p class="MsoNormal" style="line-height: 27pt; text-indent: 28pt; margin: 0cm 0cm 0pt; layout-grid-mode: char; mso-char-indent-count: 2.0; mso-line-height-rule: exactly"><span style="font-family: 宋体; font-size: 14pt; mso-bidi-font-weight: bold">邯郸市邯钢集团信达科技开发有限公司（简称信达科技），系邯钢集团全资子公司，注册资本<span lang="EN-US">500</span>万元。信达科技历经邯钢基础自动化的高速发展和信息化改造的曲折历程，凭借服务邯钢近<span lang="EN-US">20</span>年的经验和技术积累，通过自主、联合、引进消化吸收等方式，实施的自动化和信息化技术覆盖了冶金行业工艺流程的每一个环节，成为面向整个冶金行业，全面提供基础自动化、信息化、通讯监控解决方案的专业化技术部门。<span lang="EN-US"></span></span></p><p class="MsoNormal" style="line-height: 27pt; text-indent: 28pt; margin: 0cm 0cm 0pt; layout-grid-mode: char; mso-char-indent-count: 2.0; mso-line-height-rule: exactly"><span style="font-family: 宋体; font-size: 14pt; mso-bidi-font-weight: bold">信达科技致力于大数据、云计算、物联网、电子商务等先进技术的开发与应用，具备了丰富的经验和卓越的实施能力。并具备集团管控信息化解决方案实力。<span lang="EN-US"></span></span></p><p>&nbsp;</p>
', '<div id="pagecontent"><p style="text-justify: inter-ideograph; text-align: left">&nbsp;<a target="_blank" alt="点击查看大图" href="../../upload/Image/mrtp/2492028331.jpg"><img title="xxhjs" border="0" zcmsimagerela="249202" alt="" src="http://www.xinda-keji.com/wwwroot/xdkj/upload/Image/mrtp/1_2492025957.jpg" style="display: inline;"></a></p><p style="text-justify: inter-ideograph; text-align: left">&nbsp;</p><p style="text-justify: inter-ideograph; text-align: left">&nbsp;</p>
</div>', '<div id="pagecontent"><p style="text-justify: inter-ideograph; text-align: center"><img title="1_2491855258副本" border="0" zcmsimagerela="249212" alt="" src="http://www.xinda-keji.com/wwwroot/xdkj/upload/Image/mrtp/1_2492121983.jpg" style="display: inline;"></p><p style="text-align: center">&nbsp;</p>
</div>', '<div id="pagecontent"><p>&nbsp;<img title="未标题-3" border="0" zcmsimagerela="249211" alt="" src="http://www.xinda-keji.com/wwwroot/xdkj/upload/Image/mrtp/1_2492117234.jpg" style="display: inline;"></p><p style="text-align: center">&nbsp;</p><p style="text-align: center">&nbsp;</p><p style="text-align: center">&nbsp;</p>
</div>', '<div id="pagecontent"><p><img title="未标题-4" border="0" zcmsimagerela="249190" alt="" src="http://www.xinda-keji.com/wwwroot/xdkj/upload/Image/mrtp/1_2491901514.jpg" style="display: inline;"></p><p style="text-align: center">&nbsp;</p>
</div>', '<div id="pagecontent"><p>&nbsp;<img title="未标题-4副本副本" border="0" zcmsimagerela="249213" alt="" src="http://www.xinda-keji.com/wwwroot/xdkj/upload/Image/mrtp/1_2492137736.jpg" style="display: inline;"></p>
</div>', '<p class="MsoNormal" style="line-height: 27pt; text-indent: 28pt; margin: 0cm 0cm 0pt; layout-grid-mode: char; mso-char-indent-count: 2.0; mso-line-height-rule: exactly"><span style="font-family: 宋体; font-size: 14pt; mso-bidi-font-weight: bold">邯郸市邯钢集团信达科技开发有限公司（简称信达科技），系邯钢集团全资子公司，注册资本<span lang="EN-US">500</span>万元。信达科技历经邯钢基础自动化的高速发展和信息化改造的曲折历程，凭借服务邯钢近<span lang="EN-US">20</span>年的经验和技术积累，通过自主、联合、引进消化吸收等方式，实施的自动化和信息化技术覆盖了冶金行业工艺流程的每一个环节，成为面向整个冶金行业，全面提供基础自动化、信息化、通讯监控解决方案的专业化技术部门。<span lang="EN-US"><o:p></o:p></span></span></p><p class="MsoNormal" style="line-height: 27pt; text-indent: 28pt; margin: 0cm 0cm 0pt; layout-grid-mode: char; mso-char-indent-count: 2.0; mso-line-height-rule: exactly"><span style="font-family: 宋体; font-size: 14pt; mso-bidi-font-weight: bold">信达科技致力于大数据、云计算、物联网、电子商务等先进技术的开发与应用，具备了丰富的经验和卓越的实施能力。并具备集团管控信息化解决方案实力。<span lang="EN-US"><o:p></o:p></span></span></p><p>&nbsp;</p>', '该栏目没有添加文章，请添加文章。', '<p class="MsoNormal" style="line-height: 150%; text-indent: -21pt; margin: 0cm 0cm 0pt 21pt; mso-list: l0 level1 lfo1; tab-stops: list 21.0pt">&nbsp;</p><p class="MsoNormal" style="line-height: 150%; text-indent: -21pt; margin: 0cm 0cm 0pt 21pt; mso-list: l0 level1 lfo1; tab-stops: list 21.0pt"><span lang="EN-US" style="line-height: 150%; font-family: Wingdings; font-size: 14pt; mso-fareast-font-family: Wingdings; mso-bidi-font-family: Wingdings; mso-font-kerning: 0pt"><span style="mso-list: Ignore">&nbsp;l<span style="font: 7pt &quot;Times New Roman&quot;">&nbsp; </span></span></span><span style="line-height: 150%; font-family: 宋体; font-size: 14pt; mso-bidi-font-family: Arial; mso-font-kerning: 0pt; mso-ascii-font-family: Arial; mso-hansi-font-family: Arial">邯钢现代化原料场自动化系统；</span><span lang="EN-US" style="line-height: 150%; font-family: &quot;Arial&quot;,&quot;sans-serif&quot;; font-size: 14pt; mso-font-kerning: 0pt"><o:p></o:p></span></p><p class="MsoNormal" style="line-height: 150%; text-indent: -21pt; margin: 0cm 0cm 0pt 21pt; mso-list: l0 level1 lfo1; tab-stops: list 21.0pt"><span lang="EN-US" style="line-height: 150%; font-family: Wingdings; font-size: 14pt; mso-fareast-font-family: Wingdings; mso-bidi-font-family: Wingdings; mso-font-kerning: 0pt"><span style="mso-list: Ignore">&nbsp;l<span style="font: 7pt &quot;Times New Roman&quot;">&nbsp; </span></span></span><span style="line-height: 150%; font-family: 宋体; font-size: 14pt; mso-bidi-font-family: Arial; mso-font-kerning: 0pt; mso-ascii-font-family: Arial; mso-hansi-font-family: Arial">邯钢烧结自动化系统；</span><span lang="EN-US" style="line-height: 150%; font-family: &quot;Arial&quot;,&quot;sans-serif&quot;; font-size: 14pt; mso-font-kerning: 0pt"><o:p></o:p></span></p><p class="MsoNormal" style="line-height: 150%; text-indent: -21pt; margin: 0cm 0cm 0pt 21pt; mso-list: l0 level1 lfo1; tab-stops: list 21.0pt"><span lang="EN-US" style="line-height: 150%; font-family: Wingdings; font-size: 14pt; mso-fareast-font-family: Wingdings; mso-bidi-font-family: Wingdings; mso-font-kerning: 0pt"><span style="mso-list: Ignore">&nbsp;l<span style="font: 7pt &quot;Times New Roman&quot;">&nbsp; </span></span></span><span style="line-height: 150%; font-family: 宋体; font-size: 14pt; mso-bidi-font-family: Arial; mso-font-kerning: 0pt; mso-ascii-font-family: Arial; mso-hansi-font-family: Arial">邯钢焦化自动化系统；</span><span lang="EN-US" style="line-height: 150%; font-family: &quot;Arial&quot;,&quot;sans-serif&quot;; font-size: 14pt; mso-font-kerning: 0pt"><o:p></o:p></span></p><p class="MsoNormal" style="line-height: 150%; text-indent: -21pt; margin: 0cm 0cm 0pt 21pt; mso-list: l0 level1 lfo1; tab-stops: list 21.0pt"><span lang="EN-US" style="line-height: 150%; font-family: Wingdings; font-size: 14pt; mso-fareast-font-family: Wingdings; mso-bidi-font-family: Wingdings; mso-font-kerning: 0pt"><span style="mso-list: Ignore">&nbsp;l<span style="font: 7pt &quot;Times New Roman&quot;">&nbsp; </span></span></span><span style="line-height: 150%; font-family: 宋体; font-size: 14pt; mso-bidi-font-family: Arial; mso-font-kerning: 0pt; mso-ascii-font-family: Arial; mso-hansi-font-family: Arial">邯钢高炉自动化系统；</span><span lang="EN-US" style="line-height: 150%; font-family: &quot;Arial&quot;,&quot;sans-serif&quot;; font-size: 14pt; mso-font-kerning: 0pt"><o:p></o:p></span></p><p class="MsoNormal" style="line-height: 150%; text-indent: -21pt; margin: 0cm 0cm 0pt 21pt; mso-list: l0 level1 lfo1; tab-stops: list 21.0pt"><span lang="EN-US" style="line-height: 150%; font-family: Wingdings; font-size: 14pt; mso-fareast-font-family: Wingdings; mso-bidi-font-family: Wingdings; mso-font-kerning: 0pt"><span style="mso-list: Ignore">&nbsp;l<span style="font: 7pt &quot;Times New Roman&quot;">&nbsp; </span></span></span><span style="line-height: 150%; font-family: 宋体; font-size: 14pt; mso-bidi-font-family: Arial; mso-font-kerning: 0pt; mso-ascii-font-family: Arial; mso-hansi-font-family: Arial">邯钢转炉、精炼、连铸自动化系统；</span><span lang="EN-US" style="line-height: 150%; font-family: &quot;Arial&quot;,&quot;sans-serif&quot;; font-size: 14pt; mso-font-kerning: 0pt"><o:p></o:p></span></p><p class="MsoNormal" style="line-height: 150%; text-indent: -21pt; margin: 0cm 0cm 0pt 21pt; mso-list: l0 level1 lfo1; tab-stops: list 21.0pt"><span lang="EN-US" style="line-height: 150%; font-family: Wingdings; font-size: 14pt; mso-fareast-font-family: Wingdings; mso-bidi-font-family: Wingdings; mso-font-kerning: 0pt"><span style="mso-list: Ignore">&nbsp;l<span style="font: 7pt &quot;Times New Roman&quot;">&nbsp; </span></span></span><span style="line-height: 150%; font-family: 宋体; font-size: 14pt; mso-bidi-font-family: Arial; mso-font-kerning: 0pt; mso-ascii-font-family: Arial; mso-hansi-font-family: Arial">邯钢热轧、冷轧产线自动化系统；</span><span lang="EN-US" style="line-height: 150%; font-family: &quot;Arial&quot;,&quot;sans-serif&quot;; font-size: 14pt; mso-font-kerning: 0pt"><o:p></o:p></span></p><p class="MsoNormal" style="line-height: 150%; text-indent: -21pt; margin: 0cm 0cm 0pt 21pt; mso-list: l0 level1 lfo1; tab-stops: list 21.0pt"><span lang="EN-US" style="line-height: 150%; font-family: Wingdings; font-size: 14pt; mso-fareast-font-family: Wingdings; mso-bidi-font-family: Wingdings; mso-font-kerning: 0pt"><span style="mso-list: Ignore">&nbsp;l<span style="font: 7pt &quot;Times New Roman&quot;">&nbsp; </span></span></span><span style="line-height: 150%; font-family: 宋体; font-size: 14pt; mso-bidi-font-family: Arial; mso-font-kerning: 0pt; mso-ascii-font-family: Arial; mso-hansi-font-family: Arial">邯钢酸洗、镀锌、彩涂产线自动化系统；</span><span lang="EN-US" style="line-height: 150%; font-family: &quot;Arial&quot;,&quot;sans-serif&quot;; font-size: 14pt; mso-font-kerning: 0pt"><o:p></o:p></span></p><p class="MsoNormal" style="line-height: 150%; text-indent: -21pt; margin: 0cm 0cm 0pt 21pt; mso-list: l0 level1 lfo1; tab-stops: list 21.0pt"><span lang="EN-US" style="line-height: 150%; font-family: Wingdings; font-size: 14pt; mso-fareast-font-family: Wingdings; mso-bidi-font-family: Wingdings; mso-font-kerning: 0pt"><span style="mso-list: Ignore">&nbsp;l<span style="font: 7pt &quot;Times New Roman&quot;">&nbsp; </span></span></span><span style="line-height: 150%; font-family: 宋体; font-size: 14pt; mso-bidi-font-family: Arial; mso-font-kerning: 0pt; mso-ascii-font-family: Arial; mso-hansi-font-family: Arial">邯钢公辅自动化系统；</span><span lang="EN-US" style="line-height: 150%; font-family: &quot;Arial&quot;,&quot;sans-serif&quot;; font-size: 14pt; mso-font-kerning: 0pt"><o:p></o:p></span></p><p class="MsoNormal" style="line-height: 150%; text-indent: -21pt; margin: 0cm 0cm 0pt 21pt; mso-list: l0 level1 lfo1; tab-stops: list 21.0pt"><span lang="EN-US" style="line-height: 150%; font-family: Wingdings; font-size: 14pt; mso-fareast-font-family: Wingdings; mso-bidi-font-family: Wingdings; mso-font-kerning: 0pt"><span style="mso-list: Ignore">&nbsp;l<span style="font: 7pt &quot;Times New Roman&quot;">&nbsp; </span></span></span><span style="line-height: 150%; font-family: 宋体; font-size: 14pt; mso-bidi-font-family: Arial; mso-font-kerning: 0pt; mso-ascii-font-family: Arial; mso-hansi-font-family: Arial">邯钢余压、余热发电自动化系统；</span><span lang="EN-US" style="line-height: 150%; font-family: &quot;Arial&quot;,&quot;sans-serif&quot;; font-size: 14pt; mso-font-kerning: 0pt"><o:p></o:p></span></p><p class="MsoNormal" style="line-height: 150%; text-indent: -21pt; margin: 0cm 0cm 0pt 21pt; mso-list: l0 level1 lfo1; tab-stops: list 21.0pt"><span lang="EN-US" style="line-height: 150%; font-family: Wingdings; font-size: 14pt; mso-fareast-font-family: Wingdings; mso-bidi-font-family: Wingdings; mso-font-kerning: 0pt"><span style="mso-list: Ignore">&nbsp;l<span style="font: 7pt &quot;Times New Roman&quot;">&nbsp; </span></span></span><span style="line-height: 150%; font-family: 宋体; font-size: 14pt; mso-bidi-font-family: Arial; mso-font-kerning: 0pt; mso-ascii-font-family: Arial; mso-hansi-font-family: Arial">邯钢能源管控系统；</span><span lang="EN-US" style="line-height: 150%; font-family: &quot;Arial&quot;,&quot;sans-serif&quot;; font-size: 14pt; mso-font-kerning: 0pt"><o:p></o:p></span></p><p class="MsoNormal" style="line-height: 150%; text-indent: -21pt; margin: 0cm 0cm 0pt 21pt; mso-list: l0 level1 lfo1; tab-stops: list 21.0pt"><span lang="EN-US" style="line-height: 150%; font-family: Wingdings; font-size: 14pt; mso-fareast-font-family: Wingdings; mso-bidi-font-family: Wingdings; mso-font-kerning: 0pt"><span style="mso-list: Ignore">&nbsp;l<span style="font: 7pt &quot;Times New Roman&quot;">&nbsp; </span></span></span><span style="line-height: 150%; font-family: 宋体; font-size: 14pt; mso-bidi-font-family: Arial; mso-font-kerning: 0pt; mso-ascii-font-family: Arial; mso-hansi-font-family: Arial">邯钢成品库天车定位系统；</span><span lang="EN-US" style="line-height: 150%; font-family: &quot;Arial&quot;,&quot;sans-serif&quot;; font-size: 14pt; mso-font-kerning: 0pt"><o:p></o:p></span></p><p class="MsoNormal" style="line-height: 150%; text-indent: -21pt; margin: 0cm 0cm 0pt 21pt; mso-list: l0 level1 lfo1; tab-stops: list 21.0pt"><span lang="EN-US" style="line-height: 150%; font-family: Wingdings; font-size: 14pt; mso-fareast-font-family: Wingdings; mso-bidi-font-family: Wingdings; mso-font-kerning: 0pt"><span style="mso-list: Ignore">&nbsp;l<span style="font: 7pt &quot;Times New Roman&quot;">&nbsp; </span></span></span><span style="line-height: 150%; font-family: 宋体; font-size: 14pt">四川雅安，汽车制造厂输配电设备与设施技术服务及施工；</span></p><p class="MsoNormal" style="line-height: 150%; text-indent: -21pt; margin: 0cm 0cm 0pt 21pt; mso-list: l0 level1 lfo1; tab-stops: list 21.0pt"><span style="line-height: 150%; font-family: 宋体; font-size: 14pt">&nbsp; <font face="Wingdings">l</font><span style="font: 7pt ''Times New Roman''">&nbsp; </span><span style="line-height: 150%; font-family: 宋体; font-size: 14pt"><span style="font-family: 宋体; font-size: 14pt; mso-bidi-font-family: ''Times New Roman''; mso-font-kerning: 1.0pt; mso-ansi-language: EN-US; mso-fareast-language: ZH-CN; mso-bidi-language: AR-SA">河北邯郸，焦炉、白灰窑自动化系统建设及运维；</span></span></span></p><p class="MsoNormal" style="line-height: 150%; text-indent: -21pt; margin: 0cm 0cm 0pt 21pt; mso-list: l0 level1 lfo1; tab-stops: list 21.0pt">&nbsp;</p><p></p>', '该栏目没有添加文章，请添加文章。', '该栏目没有添加文章，请添加文章。', '<p class="MsoNormal" style="line-height: 150%; text-indent: -21pt; margin: 0cm 0cm 0pt 21pt; mso-list: l0 level1 lfo1; tab-stops: list 21.0pt">&nbsp;</p><p class="MsoNormal" style="line-height: 150%; text-indent: -21pt; margin: 0cm 0cm 0pt 21pt; mso-list: l0 level1 lfo1; tab-stops: list 21.0pt"><span lang="EN-US" style="line-height: 150%; font-family: Wingdings; font-size: 14pt; mso-fareast-font-family: Wingdings; mso-bidi-font-family: Wingdings; mso-font-kerning: 0pt"><span style="mso-list: Ignore">&nbsp;</span></span><span style="color: rgb(0, 0, 0);"><span style="font-size: 10.5pt;"><span lang="EN-US" style="line-height: 150%; font-family: Wingdings;">l<span times="" new="">&nbsp; </span></span><span style="line-height: 150%; font-family: 宋体;">邯钢厂区人员一卡通门禁系统；</span></span></span><span lang="EN-US" style="line-height: 150%; font-family: "><o:p></o:p></span></p><p class="MsoNormal" style="line-height: 150%; text-indent: -21pt; margin: 0cm 0cm 0pt 21pt; mso-list: l0 level1 lfo1; tab-stops: list 21.0pt"><span style="color: rgb(0, 0, 0);"><span style="font-size: 10.5pt;"><span lang="EN-US" style="line-height: 150%; font-family: Wingdings;">&nbsp;l<span times="" new="">&nbsp; </span></span><span style="line-height: 150%; font-family: 宋体;">小型车辆智能化门禁系统；</span></span></span><span lang="EN-US" style="line-height: 150%; font-family: "><o:p></o:p></span></p><p class="MsoNormal" style="line-height: 150%; text-indent: -21pt; margin: 0cm 0cm 0pt 21pt; mso-list: l0 level1 lfo1; tab-stops: list 21.0pt"><span style="color: rgb(0, 0, 0);"><span style="font-size: 10.5pt;"><span lang="EN-US" style="line-height: 150%; font-family: Wingdings;">&nbsp;l<span times="" new="">&nbsp; </span></span><span style="line-height: 150%; font-family: 宋体;">物流车辆一卡通门禁系统；</span></span></span><span lang="EN-US" style="line-height: 150%; font-family: "><o:p></o:p></span></p><p class="MsoNormal" style="line-height: 150%; text-indent: -21pt; margin: 0cm 0cm 0pt 21pt; mso-list: l0 level1 lfo1; tab-stops: list 21.0pt"><span style="color: rgb(0, 0, 0);"><span style="font-size: 10.5pt;"><span lang="EN-US" style="line-height: 150%; font-family: Wingdings;">&nbsp;l<span times="" new="">&nbsp; </span></span><span style="line-height: 150%; font-family: 宋体;">邯钢楼宇门禁系统；</span></span></span><span lang="EN-US" style="line-height: 150%; font-family: "><o:p></o:p></span></p><p>&nbsp;</p>', '<div id="pagecontent"><p class="MsoNormal" style="line-height: 27pt; text-indent: 28pt; margin: 0cm 0cm 0pt; layout-grid-mode: char; mso-char-indent-count: 2.0; mso-line-height-rule: exactly"><span style="font-family: 仿宋; font-size: 14pt; mso-bidi-font-weight: bold">邯郸市邯钢集团信达科技开发有限公司（简称信达科技），系邯钢集团全资子公司，注册资本<span lang="EN-US">500</span>万元。信达科技历经邯钢基础自动化的高速发展和信息化改造的曲折历程，凭借服务邯钢近<span lang="EN-US">20</span>年的经验和技术积累，通过自主、联合、引进消化吸收等方式，实施的自动化和信息化技术覆盖了冶金行业工艺流程的每一个环节，成为面向整个冶金行业，全面提供基础自动化、信息化、通讯监控解决方案的专业化技术部门。<span lang="EN-US"><o:p></o:p></span></span></p><p class="MsoNormal" style="line-height: 27pt; text-indent: 28pt; margin: 0cm 0cm 0pt; layout-grid-mode: char; mso-char-indent-count: 2.0; mso-line-height-rule: exactly"><span style="font-family: 仿宋; font-size: 14pt; mso-bidi-font-weight: bold">信达科技致力于大数据、云计算、物联网、电子商务等先进技术的开发与应用，具备了丰富的经验和卓越的实施能力,并具备集团管控信息化解决方案实力。<span lang="EN-US"><o:p></o:p></span></span></p><p>&nbsp;</p>
</div>', '<div id="pagecontent"><p>&nbsp;<img title="qyyj" border="0" zcmsimagerela="249215" alt="" src="http://www.xinda-keji.com/wwwroot/xdkj/upload/Image/mrtp/1_2492158239.jpg" style="display: inline;"></p><p style="text-align: center">&nbsp;</p><p><span style="font-family: 宋体; color: #505050; font-size: 14pt; mso-ascii-font-family: Arial; mso-hansi-font-family: Arial; mso-bidi-font-family: Arial; mso-ansi-language: EN-US; mso-fareast-language: ZH-CN; mso-bidi-language: AR-SA">&nbsp;</span></p>
</div>', '<div id="pagecontent"><p><img title="wthd" border="0" zcmsimagerela="249205" alt="" src="http://www.xinda-keji.com/wwwroot/xdkj/upload/Image/mrtp/1_2492056459.jpg" style="display: inline;"></p><p style="text-align: center">&nbsp;</p>
</div>', '<div id="pagecontent"><p>&nbsp;<img title="未标题-4" border="0" zcmsimagerela="249214" alt="" src="http://www.xinda-keji.com/wwwroot/xdkj/upload/Image/mrtp/1_2492142485.jpg" style="display: inline;"></p>
</div>');

-- DATA
INSERT INTO hbis.tbl_news (id, title, author, hits, content, type, create_by, create_time, update_by, update_time) VALUES ('1670495d39f67008d0065eb8fe04abd6', '全员“岗位素质提升行动”在进行', '超级管理员', 0, '<div id="con" class="con">
                <p class="MsoListParagraph" style="line-height: 32px; margin: 0cm 0cm 0pt; mso-char-indent-count: 0"><span style="line-height: 32px; font-family: 仿宋; color: #505050; font-size: 14pt; mso-bidi-font-family: Arial; mso-font-kerning: 0pt"><font face="宋体">&nbsp;&nbsp;&nbsp; 自2019年全员“岗位素质提升行动”开展以来，信达科技各部门科室针对不同职别、不同岗位,找准亟需解决的突出问题,以行为改善和绩效提升为目标，科学分析各岗位人员技能和知识结构，找到影响生产和质量的能力差距，精准定位培训内容，遵循“用什么、学什么”，“缺什么、补什么”的方案，积极开展培训活动。<span lang="EN-US"><o:p></o:p></span></font></span></p> <p class="MsoListParagraph" style="line-height: 32px; margin: 0cm 0cm 0pt; mso-char-indent-count: 0"><span style="line-height: 32px; font-family: 仿宋; color: #505050; font-size: 14pt; mso-bidi-font-family: Arial; mso-font-kerning: 0pt"><font face="宋体">&nbsp;&nbsp;&nbsp;各技术室利用生产工作间隙以不同形式开展培训活动，授课教师准备充分、学员听课认真，培训中老师和学员根据授课内容结合现场实际应用进行探讨，大大提高了培训效果。<span lang="EN-US"><o:p></o:p></span></font></span></p>
              </div>', 0, 'admin', '2020-09-07 12:38:54', 'admin', '2020-09-08 12:34:25');
INSERT INTO hbis.tbl_news (id, title, author, hits, content, type, create_by, create_time, update_by, update_time) VALUES ('19c65d6dcd7b8611d61a6666cf8da9fe', '北京国金衡信到信达公司开展质量体系认证审核', '超级管理员', 0, '近日，北京国金衡信审核专家一行三人来我公司进行为期两天的质量管理体系审核。审核组老师按照计划对2019年5月至今的项目、合同、文件进行了审核。根据质量管理体系的要求，从公司管理、采购与验收、方针与指标、设备管理、风险防范等方面进行审查，并按照ISO标准对公司所有部门及每一个环节进行了非常细致和全面的审核，信达各部门也派出代表积极配合，认真对待。

    审核末次会议上，审核组长对此次审核进行了总结，对公司的经营理念和创效能力给予充分肯定，同时也指出需要改进的地方，开具不合格项两项。会上，信达公司管理者代表表示，要认真落实整改存在的问题，强化和完善体系运行，为公司长远发展保驾护航。此次再认证也标志着我公司从之前的规范化、标准化的企业管理轨道中更进一步。公司将在今后工作中严格执行管理体系及规章制度，持续提升信达品牌，更好的为客户服务。', 0, 'admin', '2020-09-07 12:36:09', null, null);
INSERT INTO hbis.tbl_news (id, title, author, hits, content, type, create_by, create_time, update_by, update_time) VALUES ('65eea9aec77912224bab58381828dee3', '移动化和云计算：阿里巴巴的中兴与二次创业', '超级管理员', 0, '<div id="con" class="con">
                <p class="MsoListParagraph" style="line-height: 32px; margin: 0cm 0cm 0pt; mso-char-indent-count: 0"><span style="line-height: 32px; font-family: 仿宋; color: #505050; font-size: 14pt; mso-bidi-font-family: Arial; mso-font-kerning: 0pt"><font face="宋体">&nbsp;&nbsp;&nbsp; 阿里巴巴公布了上市以来最好的财报。<span lang="EN-US">2017</span>财年第一季度（即<span lang="EN-US">2016</span>自然年第二季度）的财报，收入321.54亿元人民币，同比增长59%；盈利121.87亿元（非美国通用会计准则），同比增长28%。<span lang="EN-US"><o:p></o:p></span></font></span></p><p class="MsoListParagraph" style="line-height: 32px; margin: 0cm 0cm 0pt; mso-char-indent-count: 0"><span style="line-height: 32px; font-family: 仿宋; color: #505050; font-size: 14pt; mso-bidi-font-family: Arial; mso-font-kerning: 0pt"><font face="宋体">&nbsp;&nbsp;&nbsp; 在中国互联网公司里，阿里巴巴是最能赚钱的巨头之一了比起腾讯刚刚公布的财报来，阿里不遑多让，虽然收入比腾讯的356.91亿略低，但亮点却比腾讯要多。从IPO之后最好的财报出发，阿里巴巴把“移动弱”的帽子彻底甩进太平洋，并在股价上得到证实，股价大涨至97美元每股，接近100美元。 </font></span></p><p class="MsoListParagraph" style="line-height: 32px; margin: 0cm 0cm 0pt; mso-char-indent-count: 0"><span style="line-height: 32px; font-family: 仿宋; color: #505050; font-size: 14pt; mso-bidi-font-family: Arial; mso-font-kerning: 0pt"><font face="宋体">&nbsp;&nbsp;&nbsp; 不过超先声认为，核心电商移动化能够支撑阿里两年的高增长，而两年后，阿里股价主要依赖的则是阿里云的增长速度。一个是阿里巴巴的移动增长，移动用户从4.1亿人增长到4.27亿，移动端GMV占总GMV的75%，同比增长69%。从IPO以来投资者一直担心的一个问题已经一去不返了，阿里巴巴已经是一个真正的移动公司。自从2014年春节马云称微信通过红包“偷袭珍珠港”开始，阿里巴巴进入了移动化的焦虑期，走过相当多弯路。以公司全部的资源注入来往并未能奏效，但手淘的意外崛起，逐渐让阿里找回自信。 根据QuestMobile的报告，2016年3月手淘的MAU3.5亿，同比增长47.3%，是中国APP MAU前五名中增长率最高的。 </font></span></p>
              </div>', 10, 'admin', '2020-09-07 12:30:52', 'admin', '2020-09-08 12:37:02');
INSERT INTO hbis.tbl_news (id, title, author, hits, content, type, create_by, create_time, update_by, update_time) VALUES ('7d3816fd8c7b30c96b49e6ccc8f64901', '58同城大跌逾15%创历史跌幅', '超级管理员', 0, '新浪美股讯 北京时间18日晚 58同城(46.03, -7.67, -14.28%)今日开盘大跌，截至北京时间22：20分，跌6.68美元至47.02美元，跌幅达12.44%。盘中一度下挫跌幅最高逾15%。

    58同城今日早间公布了截止2016年6月30日第二季度未经审计的财务报告。财报显示，58同城第二季度实现营收2.978亿美元，同比增长86.7%。这也是58同城连续5个季度亏损后再次实现盈利。第二季度运营利润为3550万美元，非美国会计师准则的运营利润为5530万美元。净利润为1390万美元，非美国会计师准则的净利润为2170万美元。包含58到家亏损后仍然实现盈利。

    基于目前公司业务的发展，58同城对2016年Q3业绩做出如下预期：预计总营收区间为20.3亿-20.8亿人民币。以2016年7月的平均汇率6.68人民币=1美元计算，则总营收区间为3.04亿-3.11亿美元。以人民币为基准，同比增长区间为52%-56%。', 10, 'admin', '2020-09-07 12:30:36', 'admin', '2020-09-07 12:33:26');
INSERT INTO hbis.tbl_news (id, title, author, hits, content, type, create_by, create_time, update_by, update_time) VALUES ('83763bae3728001a784c0938cfe19c2a', '河钢邯钢信达科技成为河北省数字经济联合会会员单位', '超级管理员', 0, '近日，河钢邯钢信达科技顺利通过河北省数字经济联合会审核，正式成为其会员单位，这标志着河钢邯钢信达科技的知名度、品牌影响力得到进一步认可。

    河北省数字经济联合会作为政府主管部门与数字经济领域行业组织、高等院校、科研单位、企业之间的枢纽和桥梁，为政府决策和引导行业发展服务，提升省数字经济国际影响力，促进省数字经济快速发展提供了有力支撑。

   目前，河钢邯钢信达科技已为客户提供大数据、智能制造、智慧物流、自动控制及通讯安防等系统解决方案和技术服务。产品覆盖钢铁冶金全产业链，在汽车制造、医药、发电、贸易、物流、公共服务等行业均有良好业绩。', 0, 'admin', '2020-09-07 12:36:55', null, null);
INSERT INTO hbis.tbl_news (id, title, author, hits, content, type, create_by, create_time, update_by, update_time) VALUES ('c04efeeb4656fd10385dcda5827b5387', '信达科技有限公司亮相中国国际数字经济博览会', '超级管理员', 0, '<div id="con" class="con">
                <p class="MsoListParagraph" style="line-height: 32px; margin: 0cm 0cm 0pt; mso-char-indent-count: 0"><span style="line-height: 32px; font-family: 仿宋; color: #505050; font-size: 14pt; mso-bidi-font-family: Arial; mso-font-kerning: 0pt"><font face="宋体">&nbsp;&nbsp;&nbsp; 10月11日，由工业和信息化部、河北省人民政府共同主办的2019中国国际数字经济博览会在石家庄（正定）国际会展中心隆重开幕，邯郸市邯钢信达科技有限公司（以下简称信达科技）亮相博览会，其数字化技术成果产品受到广泛关注。<span lang="EN-US"><o:p></o:p></span></font></span></p>
<p class="MsoListParagraph" style="line-height: 32px; margin: 0cm 0cm 0pt; mso-char-indent-count: 0"><span style="line-height: 32px; font-family: 仿宋; color: #505050; font-size: 14pt; mso-bidi-font-family: Arial; mso-font-kerning: 0pt"><font face="宋体">&nbsp;&nbsp;&nbsp; 信达科技作为邯郸市14家高新技术企业之一受邀参加本届数字经济博览会。信达科技经过多年的知识技术积累与沉淀，拥有30余项专利和软件权，致力于智能化、大数据、物联网等先进技术研发应用，能够为客户提供大数据、智能制造、智慧物流、自动控制及通讯安防等系统解决方案和技术服务。<span lang="EN-US"><o:p></o:p></span></font></span></p>
<p class="MsoListParagraph" style="line-height: 32px; margin: 0cm 0cm 0pt; mso-char-indent-count: 0"><span style="line-height: 32px; font-family: 仿宋; color: #505050; font-size: 14pt; mso-bidi-font-family: Arial; mso-font-kerning: 0pt"><font face="宋体">&nbsp;&nbsp;&nbsp; 在一号展馆邯郸展位，信达科技的“助力智能制造、服务智慧生活”宣传片连续播放，展示了智能天车无人化系统、环保“管控治”一体化平台、大数据智能分析等具有自主知识产权的成功案例，吸引了不少人员驻足观看并表示希望能够进一步了解产品，表达了合作意向。邯郸市市长张维亮带领邯郸代表团巡视了邯郸展馆，在经过信达科技展台并听完业务人员讲解后对信达科技在数字智能技术取得的成果表示了充分肯定，并提出加快技术创新，助力高质量发展的新要求。<span lang="EN-US"><o:p></o:p></span></font></span></p>
<p class="MsoListParagraph" style="line-height: 32px; margin: 0cm 0cm 0pt; mso-char-indent-count: 0"><span style="line-height: 32px; font-family: 仿宋; color: #505050; font-size: 14pt; mso-bidi-font-family: Arial; mso-font-kerning: 0pt"><font face="宋体">&nbsp;&nbsp;&nbsp; 据悉，本届数博会为期三天，展会以“数字经济引领高质量发展”为主题，突出“国际化、专业化、高端化、产品化”， 努力打造引领数字经济发展的国际性盛会，全国数字经济最新成果展示的国家级平台和全球数字经济交流合作的世界级平台。<span lang="EN-US"><o:p></o:p></span></font></span></p>
              </div>', 0, 'admin', '2020-09-07 12:38:24', 'admin', '2020-09-08 12:32:14');
INSERT INTO hbis.tbl_news (id, title, author, hits, content, type, create_by, create_time, update_by, update_time) VALUES ('dfcfba4357775beed5564b8109dc107d', '信达科技维护人员远程解决客户难题', '超级管理员', 0, '2020年，一场新冠肺炎疫情影响了全国人工作、生活的脚步。在此期间，信达科技相关人员却步履不停，主动投身“抗病毒、保生产”重要工作。

    某钢厂员工打来求助电话“我们机房服务器不断显示红灯报警，但是外地员工无法回岗工作，不熟悉系统的其他岗位员工也没法立即承担运维工作，请求支援！”信达科技维护人员收到问题后，迅速根据用户提供的信息，进入后台找到问题根源并提出解决方案。疫情期间为保证客户系统安全，必须时刻对系统进行监控，机房设施也需要定期远程巡查以确保基础设施健康运行。 “这是我们应该做的。”朴实的话语，伴随着忙碌的键盘敲击声，这是信达每一位维护员工的缩影。

   作为信达员工，我们会坚守岗位，做好各项服务工作，共克时艰，为抗击疫情做出自己最大的努力！', 0, 'admin', '2020-09-07 12:37:14', null, null);
INSERT INTO hbis.tbl_news (id, title, author, hits, content, type, create_by, create_time, update_by, update_time) VALUES ('f05563648aa634c580a23ae91d8cc94b', '信达科技有限公司加入FDT协会', '超级管理员', 0, '近日，信达科技有限公司（以下简称“信达科技”）顺利通过中国仪器仪表行业协会现场设备集成技术（FDT）专业委员会审核，并正式成为其会员，这标志着信达科技得到了更为广泛的认可，在自动化、信息化、智能化技术领域有了更高端的“朋友圈”。

    10月31日，在浙江乌镇举办的FDT Group一届六次常务委员会上，信达科技经过前期技术交流以及会上展示其在工业自动化、信息化大数据、通讯安防及智能制造方面的专业技术和成果案例，顺利通过了委员会的审核，并正式成为其会员。

    据悉，FDT协会是由活跃在工业自动化制造领域的领先全球成员公司组成，包括西门子、施耐德、横河、重庆川仪等近百家国内外知名自动化公司，致力于FDT技术的开发和推广，为现场设备与工程、自动化和资产管理系统的集成提供真正开放的解决方案，使用户通过该平台实现对任一厂商的自动化智能设备进行管理，实现用户利益的最大化。

    加入该协会组织后，信达科技可以与全球知名公司进行同一平台交流合作，成为自动化领域技术标准开发的参与者、制定者及使用者，这将对信达科技的技术提升和业务拓展都有着重要的意义。', 0, 'admin', '2020-09-07 12:38:01', null, null);
INSERT INTO hbis.tbl_news (id, title, author, hits, content, type, create_by, create_time, update_by, update_time) VALUES ('fe742b9a24a4fe0c823bd3cf1ff628f9', '2016中国两化融合大会在北京国家会议中', '超级管理员', 0, '2016年8月26日-27日中国两化融合大会在北京国家会议中心召开。此次大会以“制造业与互联网融合，创新·发展·转型”为主题，突出以制造业与互联网融合作为“两化”融化主攻方向。', 10, 'admin', '2020-09-07 12:31:00', 'admin', '2020-09-07 12:34:16');
